{
  "total_articles": 2529,
  "single_chunk_articles": 2349,
  "multi_chunk_articles": 180,
  "total_chunks": 2805,
  "avg_chunks_per_article": 1.1091340450771057,
  "chunk_length_stats": {
    "min": 46,
    "max": 1440,
    "mean": 573.8499108734403,
    "median": 497
  }
}
